Saap Saap Thai - Funan ,'latitude': 1.2912451670268035, 'longitude': 103.85020825460789
Mr. Coconut - One Raffles Place ,'latitude': 1.284162, 'longitude': 103.851186
McDonald's - Boat Quay ,'latitude': 1.2857211372800634, 'longitude': 103.84982956837393
Popeyes - Bugis ,'latitude': 1.29985, 'longitude': 103.854889
Paradise Classic - Marina Bay Link Mall ,'latitude': 1.2798001, 'longitude': 103.85288345000001
Guzman Y Gomez - Funan ,'latitude': 1.2914432940603717, 'longitude': 103.85034534025522
Paradise Dynasty - Funan ,'latitude': 1.2916398986687483, 'longitude': 103.85064630185201
Qi Ji - Funan Mall ,'latitude': 1.291225275, 'longitude': 103.8502895637285
Song Fa Bak Kut Teh - New Bridge Road ,'latitude': 1.2890973, 'longitude': 103.84783774614333
CHICHA San Chen - Marina Square ,'latitude': 1.291438382772601, 'longitude': 103.8578792
Subway - One Raffles Place ,'latitude': 1.2840103452380953, 'longitude': 103.8510733
TamJai SamGor Mixian - Chinatown Point ,'latitude': 1.285413214, 'longitude': 103.8447619
Woobbee - Chinatown Point ,'latitude': 1.2853807, 'longitude': 103.84497195
Twyst Pasta - Raffles Place MRT Station ,'latitude': 1.283198225, 'longitude': 103.8512954
KOI Th√©  Express - Raffles City Shopping Centre ,'latitude': 1.29333265, 'longitude': 103.85357558544861
4Fingers - Marina Square ,'latitude': 1.2920203813479532, 'longitude': 103.85619389264582
Shan Ji Lamian Xiao Long Bao Stall 41 - Seng Poh Road ,'latitude': 1.284812, 'longitude': 103.8322772
Tim Ho Wan - Marina Bay Sands ,'latitude': 1.282624, 'longitude': 103.8578
Paris Baguette - Hong Leong Building ,'latitude': 1.281162, 'longitude': 103.85044
Poke Theory - Change Alley Mall ,'latitude': 1.2841943, 'longitude': 103.85193480000001
Qin Ji Rougamo - One Raffles Place ,'latitude': 1.28400835, 'longitude': 103.85120835000001
Milksha - Funan Mall ,'latitude': 1.2914906653520775, 'longitude': 103.84973305
Pizza Hut - Kreta Ayer Road ,'latitude': 1.2806355727288121, 'longitude': 103.8423269482148
Jinjja Chicken Diner - Bugis + ,'latitude': 1.2997884488790326, 'longitude': 103.85410211737276
Gong Cha - One Raffles Place ,'latitude': 1.284172, 'longitude': 103.851174
MOS Burger - One Fullerton ,'latitude': 1.2864212, 'longitude': 103.85430495
Dunkin' Donuts - Funan Mall ,'latitude': 1.2914274, 'longitude': 103.85052218
Chic-a-boo - Marina Square ,'latitude': 1.29128913244429, 'longitude': 103.858715312898
Fat Mario - Robertson Quayside ,'latitude': 1.290265214868029, 'longitude': 103.83896400926841
Pasta Express - SMU Connexion ,'latitude': 1.2955566250000001, 'longitude': 103.8494292
LeNu - Funan ,'latitude': 1.2913773711119774, 'longitude': 103.8498679079259
Tiong Bahru Hainanese Boneless Chicken Rice - 56 Smith Street ,'latitude': 1.2828196757211288, 'longitude': 103.84335235359418
Ah Chiang's Porridge - Tiong Poh Road ,'latitude': 1.2831735565152387, 'longitude': 103.83312436490787
Tongue Tip Lanzhou Beef Noodles ËàåÂ∞ñÂ∞ñ - Chinatown Point ,'latitude': 1.28537184521449, 'longitude': 103.844720522825
Bober Tea - Singapore Management University ,'latitude': 1.29605273538189, 'longitude': 103.850371457672
SaladStop! - One George Street ,'latitude': 1.2855239, 'longitude': 103.84738944
Orh Kee Noodles - 65 Killiney Road ,'latitude': 1.29892, 'longitude': 103.83943
DongBei BBQ & Dumplings - Upper Cross Street ,'latitude': 1.2840924807147407, 'longitude': 103.84509232497832
Haakon Superfoods & Juice - One Raffles Place ,'latitude': 1.2839812533333335, 'longitude': 103.85108987500001
Stuff'd - Funan ,'latitude': 1.29106578346931, 'longitude': 103.85038604662
Tai Feng Wei - Cross Street Exchange ,'latitude': 1.283504, 'longitude': 103.847032
Alt Pizza - Robertson Quay ,'latitude': 1.2902635218933811, 'longitude': 103.83908135197879
Tea Pulse - Royal Group Building ,'latitude': 1.28469173, 'longitude': 103.84980293846154
GOPIZZA - Suntec City Mall ,'latitude': 1.292883, 'longitude': 103.856836
Omnivore - Oxley @ Raffles ,'latitude': 1.283801, 'longitude': 103.852729
Playmade - Marina Bay Link Mall ,'latitude': 1.2804573, 'longitude': 103.8537841531752
Nasty Cookie - Orchard Gateway ,'latitude': 1.3004689999999999, 'longitude': 103.83939021999998
Genki Sushi - Orchard Central ,'latitude': 1.300340882146429, 'longitude': 103.83948068334337
Bombay Grill - Authentic Indian Restaurant ,'latitude': 1.287599179278319, 'longitude': 103.84824392228902
Twenty Grammes - North Bridge Road ,'latitude': 1.3032313275014764, 'longitude': 103.8593006
Tiong Bahru Bakery - Fort Canning Park ,'latitude': 1.2921092, 'longitude': 103.8457685
Flash Coffee - Royal Group Building ,'latitude': 1.284755, 'longitude': 103.849828
Kjjong-9 Japanese - Clifford Centre ,'latitude': 1.28385342875193, 'longitude': 103.852702852891
Project Acai - Lau Pa Sat ,'latitude': 1.2803340306865, 'longitude': 103.850763715766
So Good Char Chan Tang - 111 Somerset ,'latitude': 1.2999866938591964, 'longitude': 103.83748124537107
Lee Wee & Brothers - Raffles City Shopping Centre ,'latitude': 1.293480289895058, 'longitude': 103.85314360931056
Burger King - Marina Square ,'latitude': 1.2912531022267757, 'longitude': 103.85676066723323
Churros Republic - Funan Mall ,'latitude': 1.29127554, 'longitude': 103.8503161
Kenny Rogers - Marina Square ,'latitude': 1.29128913244429, 'longitude': 103.858715312898
Soi 19 Thai Wanton Mee - China Square Food Centre ,'latitude': 1.282828958, 'longitude': 103.8489078
Xiang Signature - Liang Seah Place ,'latitude': 1.2981263725816348, 'longitude': 103.8562838312721
Paul - Marina Bay Link Mall ,'latitude': 1.28047384, 'longitude': 103.85363656
So Pho - Marina Bay Sands ,'latitude': 1.2856402156243405, 'longitude': 103.85976004556846
The Coffee Bean & Tea Leaf - Change Alley ,'latitude': 1.284258, 'longitude': 103.85193
COLLIN'S¬Æ Restaurant - Funan Mall ,'latitude': 1.29155409, 'longitude': 103.84940304
Ichiban Bento - Marina Bay Link Mall ,'latitude': 1.2800062, 'longitude': 103.8532937
Carl's Jr. - Funan Mall ,'latitude': 1.2912711396327126, 'longitude': 103.85021918649994
Old Chang Kee - Change Alley Mall ,'latitude': 1.2842568326087331, 'longitude': 103.85173480776871
Lao Huo Tang Restaurant - Marina Square ,'latitude': 1.291346476923077, 'longitude': 103.858229
Kebabs Faktory - Funan ,'latitude': 1.2914875285714287, 'longitude': 103.85041130434782
Meshiya - Everton Park ,'latitude': 1.2770169010243653, 'longitude': 103.83909739667871
Aussie Roll - Republic Plaza ,'latitude': 1.2831217285714287, 'longitude': 103.8509556
Publico - InterContinental Singapore Robertson Quay ,'latitude': 1.289948, 'longitude': 103.83865
Canton Paradise - MBS ,'latitude': 1.2859529157403529, 'longitude': 103.86012056566346
Bawangchaji (FU) - Funan Mall ,'latitude': 1.2914, 'longitude': 103.84976
The Alley - One Raffles Place ,'latitude': 1.28495094565484, 'longitude': 103.851051262433
Aloha Poke - Marina Bay Link Mall ,'latitude': 1.2805084500000001, 'longitude': 103.8542201
Fu-men Japanese Udon & Donburi Restaurant - Hong Leong Building ,'latitude': 1.2813267, 'longitude': 103.8507976
Awfully Chocolate - Raffles City Shopping Centre ,'latitude': 1.2936120488744223, 'longitude': 103.85340574110074
Greendot - Raffles Place ,'latitude': 1.2840831, 'longitude': 103.85100001666666
Domino's Pizza - Kiliney ,'latitude': 1.2986775, 'longitude': 103.839404
Cedele Bakery Cafe - Republic Plaza Tower 1 ,'latitude': 1.2834981, 'longitude': 103.850864675
Simply Wrapps - Raffles City Shopping Centre ,'latitude': 1.293636, 'longitude': 103.85383713333334
Pasta Pronto - Medical Alumni Building ,'latitude': 1.28245, 'longitude': 103.83601
Rolling Rice SG ,'latitude': 1.2921223, 'longitude': 103.8565832
Mandalay Style Restaurant - Peninsula Plaza ,'latitude': 1.29211992365441, 'longitude': 103.850493021121
Green Monster Salads - 118 Killiney Road ,'latitude': 1.2978809, 'longitude': 103.8385019
Don Don Donki - Suntec City ,'latitude': 1.293282, 'longitude': 103.857105
A-One Signature - Raffles City Shopping Centre ,'latitude': 1.2933282545919838, 'longitude': 103.85362054342505
Jew Kit - 105 Killiney Road ,'latitude': 1.2982776421776843, 'longitude': 103.83877355714286
Ootoya - Orchard Central ,'latitude': 1.3007652666666667, 'longitude': 103.83953251428571
Nuodle Lanzhou Beef Noodle Áâõ‰∏ÄÂò¥ÂÖ∞Â∑ûÁâõËÇâÊãâÈù¢ - Republic Plaza ,'latitude': 1.28297452, 'longitude': 103.8511924
Hua Zai Roasted Duck - Killiney Road ,'latitude': 1.297902435998293, 'longitude': 103.83865240285054
Sing Swee Kee Chicken Rice Restaurant - Seah Street ,'latitude': 1.2959201, 'longitude': 103.8548471
MilkFish - Millenia Walk ,'latitude': 1.291566053, 'longitude': 103.859758
Upshot Coffee - One Raffles Place ,'latitude': 1.284898274, 'longitude': 103.8513931
Tha Siam Authentic Thai Kitchen - Orchard Plaza ,'latitude': 1.301284, 'longitude': 103.841309
Tanamera Coffee - Oxley @ Raffles ,'latitude': 1.2842655048781877, 'longitude': 103.85222344418908
Swensen's - Bugis Junction ,'latitude': 1.2989963546050998, 'longitude': 103.85572765226496
Osteria by d.o.c. - Asia Square Tower 2 ,'latitude': 1.2786800597076393, 'longitude': 103.85098704781183
Boost Juice Bars - Change Alley Mall ,'latitude': 1.284333, 'longitude': 103.851809
Yu Ba Fang - Raffles City Shopping Centre ,'latitude': 1.2939760242084537, 'longitude': 103.85262156967805
Urban Roti - Lau Pa Sat ,'latitude': 1.28015197, 'longitude': 103.8505243
Xing Hua ÂÖ¥Âåñ - Suntec City Mall ,'latitude': 1.2935071780671308, 'longitude': 103.85670194450466
Fat Bird - Liang Seah Place ,'latitude': 1.298264, 'longitude': 103.856232
Bibigo Kitchen - Concorde Shopping Centre ,'latitude': 1.288901, 'longitude': 103.834612
Shake Farm HQ - Robinson Suites ,'latitude': 1.2812756482953105, 'longitude': 103.84980870988065
Pita Hero‚Ñ¢ - Robinson Suites ,'latitude': 1.28090311, 'longitude': 103.849731
Pink Fish - One Raffles Place ,'latitude': 1.284898, 'longitude': 103.851102
Tonkotsu Kazan Ramen - Funan Mall ,'latitude': 1.291488202222222, 'longitude': 103.84966545
Pasta E Formaggio - Royal Group Building ,'latitude': 1.284625, 'longitude': 103.84979
Cat & The Fiddle - Raffles Place MRT Station ,'latitude': 1.28317754037895, 'longitude': 103.851307840362
Thai Dynasty - Marina Bay Sands ,'latitude': 1.28175768477052, 'longitude': 103.85870600266
Kim Dae Mun - Concorde Hotel And Shopping Mall ,'latitude': 1.300381, 'longitude': 103.84238
Super Coconut - 313 @ Somerset ,'latitude': 1.3005907814694, 'longitude': 103.838367380385
Three Buns at Potato Head ,'latitude': 1.2804052886626724, 'longitude': 103.8417127117181
Monster Curry - Suntec City Mall ,'latitude': 1.29335865, 'longitude': 103.85717365
Hong Kong Sheng Kee Dessert - Raffles City Shopping Centre ,'latitude': 1.29332574766552, 'longitude': 103.85367782277172
Bali Thai - Suntec City Mall ,'latitude': 1.2944095, 'longitude': 103.85802657826088
Chong Qing Grilled Fish - Liang Seah Street ,'latitude': 1.2979006, 'longitude': 103.8565518
NamNam - Raffles City Shopping Centre ,'latitude': 1.293398, 'longitude': 103.8533865
Old Airport Road Wonton Noodle ,'latitude': 1.284142346, 'longitude': 103.8528419
Inluck Ê∞∏‰πê - Cross Street Exchange ,'latitude': 1.28340144, 'longitude': 103.8467451
Kei Kaisendon - Suntec City Mall ,'latitude': 1.29345525, 'longitude': 103.8572748
Artisan Boulangerie Co. - 118 Killiney Road ,'latitude': 1.2978833743913278, 'longitude': 103.83849811553954
Yan Ji Seafood Soup - Funan ,'latitude': 1.29131015, 'longitude': 103.85043239999999
London Curry House Authentic Northern Indian Curry and Kebab Cuisine - Hoe Chiang Road ,'latitude': 1.274269, 'longitude': 103.842526
Kith Cafe - Millenia Walk ,'latitude': 1.2931452, 'longitude': 103.8585424
Yan Ji Seafood Soup - Funan ,'latitude': 1.29131015, 'longitude': 103.85043239999999
Upshot Coffee - One Raffles Place ,'latitude': 1.284898274, 'longitude': 103.8513931
D'Spring Flowers - Crasco Buildingüèç ,'latitude': 1.295313064, 'longitude': 103.8554058
Artisan Boulangerie Co. - 118 Killiney Road ,'latitude': 1.2978833743913278, 'longitude': 103.83849811553954
The Whole Kitchen Bakery Cafe CBD - Robinson Road ,'latitude': 1.27901405683428, 'longitude': 103.84884548347
Twenty Grammes - North Bridge Road ,'latitude': 1.3032313275014764, 'longitude': 103.8593006
RostiBoy‚Ñ¢ - Robinson Suites ,'latitude': 1.28090311, 'longitude': 103.849731
Dutch Colony Coffee Co. - UE Square Mall ,'latitude': 1.2923522, 'longitude': 103.8424456
PS.Cafe - Raffles City Shopping Centre ,'latitude': 1.2941227786040628, 'longitude': 103.85372378791783
Omnivore - Oxley @ Raffles ,'latitude': 1.283801, 'longitude': 103.852729
Monster Curry - Suntec City Mall ,'latitude': 1.29335865, 'longitude': 103.85717365
Paul - Marina Bay Link Mall ,'latitude': 1.28047384, 'longitude': 103.85363656
So Good Char Chan Tang - 111 Somerset ,'latitude': 1.2999866938591964, 'longitude': 103.83748124537107
Sin Hoi Sai - Tiong Bahru Estate ,'latitude': 1.2847525, 'longitude': 103.8338937038719
Heavenly Wang - Millenia Walk ,'latitude': 1.29153, 'longitude': 103.859727
Fahrenheit Coffee - Fu Yuen Building ,'latitude': 1.29709, 'longitude': 103.85637
EPIKebabs - Wilkie Edge ,'latitude': 1.3021770664491947, 'longitude': 103.84973713761616
Curry Village-Authentic North Indian Cuisine - Boat Quay ,'latitude': 1.286321663976937, 'longitude': 103.84963428122043
Hua Zai Roasted Duck - Killiney Road ,'latitude': 1.297902435998293, 'longitude': 103.83865240285054
KetoBurg‚Ñ¢ by Shake Farm - Robinson Suites ,'latitude': 1.28090311, 'longitude': 103.849731
Bali Thai - Suntec City Mall ,'latitude': 1.2944095, 'longitude': 103.85802657826088
Real Food - South Beach Avenue ,'latitude': 1.294146389, 'longitude': 103.8559115
Toss & Turn - Raffles City Shopping Centre ,'latitude': 1.29455954780485, 'longitude': 103.852910116568
Da Paolo Gastronomia - Raffles City Shopping Centre ,'latitude': 1.293685129694343, 'longitude': 103.85340724812492
Cat & The Fiddle - Raffles Place MRT Station ,'latitude': 1.28317754037895, 'longitude': 103.851307840362
Gloria Jean's Coffees - Marina Square ,'latitude': 1.29128913244429, 'longitude': 103.858715312898
Kei Kaisendon - Suntec City Mall ,'latitude': 1.29345525, 'longitude': 103.8572748
Kith Cafe - Millenia Walk ,'latitude': 1.2931452, 'longitude': 103.8585424
Butter Studio - Bugis Junction  ,'latitude': 1.2990189889191148, 'longitude': 103.8555882
The Super Foodie Paradise‚Ñ¢ - Robinson Suites ,'latitude': 1.28090311, 'longitude': 103.849731
Lai Yi kou - Telok Ayer Festival Market ,'latitude': 1.280405, 'longitude': 103.850782
Meshiya - Everton Park ,'latitude': 1.2770169010243653, 'longitude': 103.83909739667871
Rive Gauche - Raffles City Shopping Centre ,'latitude': 1.2935183, 'longitude': 103.85344412
Annabella Patisserie Macarons - Cross Street Exchange [Islandwide Delivery] ,'latitude': 1.2835193390540525, 'longitude': 103.84652975848132
Mix & Match Malls (Food) - City Hall ,'latitude': 1.2915629509507909, 'longitude': 103.84983306920168
Acai King‚Ñ¢ - Robinson Suites ,'latitude': 1.28090311, 'longitude': 103.849731
Wow! Biryani @a Modern Indian Restaurant at Heart of the City - Hoe Chiang Road ,'latitude': 1.27396, 'longitude': 103.84252
The Coffee Academics - Raffles City Shopping Centre ,'latitude': 1.2936166, 'longitude': 103.8538319
Marks & Spencer - One Raffles Place ,'latitude': 1.2839178, 'longitude': 103.8511279
Hang Heung - Raffles City Shopping Centre [Islandwide Delivery] ,'latitude': 1.2932947111996451, 'longitude': 103.8536679
Heavenly Wang - Millenia Walk ,'latitude': 1.29153, 'longitude': 103.859727
Lai Yi kou - Telok Ayer Festival Market ,'latitude': 1.280405, 'longitude': 103.850782
Chun Fun How - Esplanade Mall ,'latitude': 1.289516, 'longitude': 103.856017
Godmama Modern Peranakan Kitchen - Funan Mall ,'latitude': 1.2912, 'longitude': 103.850133
Saigon Rolls - Republic Plaza ,'latitude': 1.283129, 'longitude': 103.8510422
Gloria Jean's Coffees - Marina Square ,'latitude': 1.29128913244429, 'longitude': 103.858715312898
The Super Foodie Paradise‚Ñ¢ - Robinson Suites ,'latitude': 1.28090311, 'longitude': 103.849731
24Seven - Chinatown MRT Station [Islandwide Delivery] ,'latitude': 1.2841917052932388, 'longitude': 103.84333179159637
Lush - Suntec City ,'latitude': 1.2935001955059562, 'longitude': 103.85675854387358
Marcello - InterContinental Singapore Robertson Quay ,'latitude': 1.289968, 'longitude': 103.838665
Butter Studio - Bugis Junction  ,'latitude': 1.2990189889191148, 'longitude': 103.8555882
The Original Cuban Sandwich Bros‚Ñ¢ - Robinson Suites ,'latitude': 1.28090311, 'longitude': 103.849731
The Whole Kitchen Bakery Cafe CBD - Robinson Road ,'latitude': 1.27901405683428, 'longitude': 103.84884548347
Khushboo ‚Äì The Fragrance of India - Boat Quay ,'latitude': 1.2863083892823266, 'longitude': 103.84963455627415
Da Paolo Gastronomia - Raffles City Shopping Centre ,'latitude': 1.293685129694343, 'longitude': 103.85340724812492
Curry Village-Authentic North Indian Cuisine - Boat Quay ,'latitude': 1.286321663976937, 'longitude': 103.84963428122043
Kohi Roastery - Kim Yam Road ,'latitude': 1.29244732662799, 'longitude': 103.838832268576
Green Signature - Raffles City Shopping Centre ,'latitude': 1.2933974333333333, 'longitude': 103.85374513913042
Fluff Stack - Suntec City Mall ,'latitude': 1.29288272, 'longitude': 103.8568363
Tokyo Milk Cheese Factory - Raffles City Shopping Centre ,'latitude': 1.2933859391304348, 'longitude': 103.8535249
Medic Drugstore - Tanjong Pagar Plaza ,'latitude': 1.2747783333333333, 'longitude': 103.84271252
Apiary - Neil Road ,'latitude': 1.27965, 'longitude': 103.84214
Singapore Coffee - Raffles Hotel ,'latitude': 1.29460962112935, 'longitude': 103.854728815971
Mughlai Mumbai Curry And Grill Authentic North Indian Restaurant - South Bridge Road üèç ,'latitude':  1.287651, 'longitude': 103.848166
Kohi Roastery - Kim Yam Road ,'latitude': 1.29244732662799, 'longitude': 103.838832268576
Green Signature - Raffles City Shopping Centre ,'latitude': 1.2933974333333333, 'longitude': 103.85374513913042
Fluff Stack - Suntec City Mall ,'latitude': 1.29288272, 'longitude': 103.8568363
Tokyo Milk Cheese Factory - Raffles City Shopping Centre ,'latitude': 1.2933859391304348, 'longitude': 103.8535249
Medic Drugstore - Tanjong Pagar Plaza ,'latitude': 1.2747783333333333, 'longitude': 103.84271252
Apiary - Neil Road ,'latitude': 1.27965, 'longitude': 103.84214
Singapore Coffee - Raffles Hotel ,'latitude': 1.29460962112935, 'longitude': 103.854728815971
Mughlai Mumbai Curry And Grill Authentic North Indian Restaurant - South Bridge Road üèç ,'latitude':  1.287651, 'longitude': 103.848166
The Book Cafe - Seng Kee Building ,'latitude': 1.2911245386243309, 'longitude': 103.83901434047306
Yakiniku-GO - Suntec City Mall ,'latitude': 1.29288272, 'longitude': 103.8568363
SF Fruits & Juices - Raffles Place Mrt Station ,'latitude': 1.284531480433941, 'longitude': 103.85150592011075
Ange Bakes Keto Bakery & Cafe - The Adelphi ,'latitude': 1.2912595572981616, 'longitude': 103.85148536439601
Treasures Yi Dian Xin - Raffles City ,'latitude': 1.2936747, 'longitude': 103.8533068
Kitchen By Food Rebel - Stanley Street ,'latitude': 1.280919, 'longitude': 103.848244
Hot Kitchen - The Quality Dining ,'latitude': 1.287587658020642, 'longitude': 103.84825924194568
The Providore - Groceries - OUE Downtown ,'latitude': 1.2780508000000002, 'longitude': 103.8492487862135
Food Folks - Lau Pa Sat [Islandwide Delivery] ,'latitude': 1.2803340306865, 'longitude': 103.850763715766
Wine Connection - Income @ Raffles ,'latitude': 1.283822, 'longitude': 103.852681
Pet Lovers Centre - Suntec City Mall ,'latitude': 1.29288272, 'longitude': 103.8568363
Anglo Indian Cafe & Bar - Chijmes (#01-13) ,'latitude': 1.294904, 'longitude': 103.852685
Gangster Wrapper‚Ñ¢ - Robinson Suites ,'latitude': 1.28090311, 'longitude': 103.849731
SF Farm Mart - The Fullerton Waterboat House ,'latitude': 1.2870431684137031, 'longitude': 103.8537286643413
Indian House - Boat Quay ,'latitude': 1.2869870454508168, 'longitude': 103.84938902597231
Mirch Masalah - Boat Quay ,'latitude': 1.2863, 'longitude': 103.84962
D'Spring Flowers - Crasco Buildingüèç ,'latitude': 1.295313064, 'longitude': 103.8554058
Watsons - Funan ,'latitude': 1.2912667833333333, 'longitude': 103.8504891
Pagi Floral - Crasco Buildingüèç ,'latitude': 1.295313064, 'longitude': 103.8554058
C-Mart - High Street Plazaüèç ,'latitude': 1.290551798775176, 'longitude': 103.84940929336389
Jones Booze And Drinks - Oxley Towerüèç ,'latitude': 1.2786616815030822, 'longitude': 103.84843637779 639
JonesMart - High Street Plazaüèç ,'latitude': 1.2908608824785464, 'longitude': 103.84941059663592
Deen Indian Muslim Food - Everton Park ,'latitude': 1.2768633333333335, 'longitude': 103.83898311869902
Bang Bang Burritos‚Ñ¢ - Robinson Suites ,'latitude': 1.28090311, 'longitude': 103.849731
Mirch Masalah - Boat Quay ,'latitude': 1.2863, 'longitude': 103.84962
D'Spring Flowers - Crasco Buildingüèç ,'latitude': 1.295313064, 'longitude': 103.8554058
Watsons - Funan ,'latitude': 1.2912667833333333, 'longitude': 103.8504891
Pagi Floral - Crasco Buildingüèç ,'latitude': 1.295313064, 'longitude': 103.8554058
C-Mart - High Street Plazaüèç ,'latitude': 1.290551798775176, 'longitude': 103.84940929336389
Jones Booze And Drinks - Oxley Towerüèç ,'latitude': 1.2786616815030822, 'longitude': 103.84843637779 639
JonesMart - High Street Plazaüèç ,'latitude': 1.2908608824785464, 'longitude': 103.84941059663592
Deen Indian Muslim Food - Everton Park ,'latitude': 1.2768633333333335, 'longitude': 103.83898311869902
Bang Bang Burritos‚Ñ¢ - Robinson Suites ,'latitude': 1.28090311, 'longitude': 103.849731
Grand Cru Wine Concierge - The Fullerton Hotel [Islandwide Delivery] ,'latitude': 1.2867261057218304, 'longitude': 103.85285014824727
Bee Cheng Hiang - Raffles City Shopping Centre ,'latitude': 1.2936419489453876, 'longitude': 103.853721425
An Acai Affair - 313 @ Somerset ,'latitude': 1.3010087, 'longitude': 103.838487
Paulaner Brauhaus Singapore - Millenia Walk ,'latitude': 1.2932663065852108, 'longitude': 103.85824260000001
Golden Moments - Selegie Courtüèç ,'latitude': 1.303024996, 'longitude': 103.8498698
Home Of Briyani @ Heart Of The City - Hoe Chiang Road ,'latitude': 1.27396, 'longitude': 103.84252
The Ice Cream Store - Outram Road ,'latitude': 1.286791, 'longitude': 103.8345088
IstanBlue Meze & Grill - Baghdad Street ,'latitude': 1.3011507, 'longitude': 103.8596713
Canadian Pizza - 111 Somerset ,'latitude': 1.300457, 'longitude': 103.837583
KFC - Cathay Orchard Cineleisure ,'latitude': 1.3013932, 'longitude': 103.83657744255561
Tanyu - 313 @ Somerset ,'latitude': 1.3009511, 'longitude': 103.8384447
KBG3 - Mr Tom Kum Yung - Lim Teck Kim Road ,'latitude': 1.27361, 'longitude': 103.84248
Sally's Vietnam Food - Tanjong Pagar Complex ,'latitude': 1.27225, 'longitude': 103.842384
Suju Japanese Restaurant - Mandarin Gallery ,'latitude': 1.3020824, 'longitude': 103.83664522847893
Caffe Pralet - Eng Hoon Mansions ,'latitude': 1.283549, 'longitude': 103.83443
Tandoori Restaurant - South Bridge Road ,'latitude': 1.287651, 'longitude': 103.848166
Jollibean Vegan - Raffles Place MRT Station ,'latitude': 1.283177540378955, 'longitude': 103.85130784036153
Beyond Pancakes - Marina Square ,'latitude': 1.290952201228217, 'longitude': 103.85749984
Chura Sushi Bar - Suntec City Mall ,'latitude': 1.292883, 'longitude': 103.856836
Haagen-Dazs - Funan ,'latitude': 1.29128860338776, 'longitude': 103.850389532962
Cellarbration - Marina Square ,'latitude': 1.2919196, 'longitude': 103.8577312
Pick & Go - Singapore Management University ,'latitude': 1.295921, 'longitude': 103.850351
Hyggerium - Millenia Walk ,'latitude': 1.29153, 'longitude': 103.859727
Tandoori Restaurant - South Bridge Road ,'latitude': 1.287651, 'longitude': 103.848166
Jollibean Vegan - Raffles Place MRT Station ,'latitude': 1.283177540378955, 'longitude': 103.85130784036153
Beyond Pancakes - Marina Square ,'latitude': 1.290952201228217, 'longitude': 103.85749984
Chura Sushi Bar - Suntec City Mall ,'latitude': 1.292883, 'longitude': 103.856836
Haagen-Dazs - Funan ,'latitude': 1.29128860338776, 'longitude': 103.850389532962
Cellarbration - Marina Square ,'latitude': 1.2919196, 'longitude': 103.8577312
Pick & Go - Singapore Management University ,'latitude': 1.295921, 'longitude': 103.850351
Hyggerium - Millenia Walk ,'latitude': 1.29153, 'longitude': 103.859727
Selera Cuppage - Cuppage Plaza ,'latitude': 1.3019588142857144, 'longitude': 103.84051956
Dal.komm Coffee - The Centrepoint ,'latitude': 1.3013998, 'longitude': 103.83985234
City Fruits 2 - Tanjong Pagar Plazaüèç ,'latitude': 1.2767087416297132, 'longitude': 103.843141311127 06
Lady M - Orchard Central ,'latitude': 1.3006691, 'longitude': 103.83972328
Kanshoku Ramen - Orchard Gateway ,'latitude': 1.3005962555555555, 'longitude': 103.8392665
Save Mart - Kreta Ayer Road ,'latitude': 1.2812851, 'longitude': 103.8421888
Salaam Namaste Indian Restaurant & Kebab Corner - Hoe Chiang Road ,'latitude': 1.27396, 'longitude': 103.84252
Mrs Pho Kitchen - 313 @ Somerset ,'latitude': 1.3005907814694, 'longitude': 103.838367380385
Dont Yell At Me - Orchard Central ,'latitude': 1.300467, 'longitude': 103.838849
King Kebab North Indian Restruant - South Bridge Road ,'latitude': 1.287651, 'longitude': 103.848166
Curry Village - Authentic North Indian Cuisine ,'latitude': 1.286321663976937, 'longitude': 103.84963428122043
Namaste Madras Kebab & Curry Indian Cuisine - South Bridge Road üèç ,'latitude': 1.287651, 'longitude ': 103.848166
The Biryani Bar by Milind Sovani - Ascott Singapore Raffles Place ,'latitude': 1.28218681778169, 'longitude': 103.85181215708
The Handburger - Raffles Place MRT Station ,'latitude': 1.28317754037895, 'longitude': 103.851307840362
Jammy's‚Ñ¢ - Guiltless Pleasures - Robinson Suites ,'latitude': 1.28090311, 'longitude': 103.849731
Jollibean - Raffles Place MRT ,'latitude': 1.28385684, 'longitude': 103.8514851
D'Life - Orchard Gateway ,'latitude': 1.300502, 'longitude': 103.838946
Chocoelf - South Bridge Road ,'latitude': 1.282856, 'longitude': 103.845453
Cafe Pandan - Outram Road ,'latitude': 1.2846457, 'longitude': 103.83505423998504
Francesca's - 313 @ Somerset ,'latitude': 1.300591, 'longitude': 103.838367
Kaffe & Toast - Outram ,'latitude': 1.2786260464078936, 'longitude': 103.8360144425813
Sweetea Caffe - Trengganu Street ,'latitude': 1.282831, 'longitude': 103.84421
GudSht - Cathay Cineleisure Orchard [Islandwide Delivery] ,'latitude': 1.3013816256302277, 'longitude': 103.83621855007317
Indulge - Tiong Bahru View ,'latitude': 1.28648485281361, 'longitude': 103.829735653099
D'Life - Orchard Gateway ,'latitude': 1.300502, 'longitude': 103.838946
Chocoelf - South Bridge Road ,'latitude': 1.282856, 'longitude': 103.845453
Cafe Pandan - Outram Road ,'latitude': 1.2846457, 'longitude': 103.83505423998504
Francesca's - 313 @ Somerset ,'latitude': 1.300591, 'longitude': 103.838367
Kaffe & Toast - Outram ,'latitude': 1.2786260464078936, 'longitude': 103.8360144425813
Sweetea Caffe - Trengganu Street ,'latitude': 1.282831, 'longitude': 103.84421
GudSht - Cathay Cineleisure Orchard [Islandwide Delivery] ,'latitude': 1.3013816256302277, 'longitude': 103.83621855007317
Indulge - Tiong Bahru View ,'latitude': 1.28648485281361, 'longitude': 103.829735653099
Yata Store - Eon Shenton ,'latitude': 1.273686841033438, 'longitude': 103.8459999189784
Tok Tok Indonesian Soup House - 313 - Somerset ,'latitude': 1.3011327, 'longitude': 103.8384569
First Grill - Bukit Pasoh Road ,'latitude': 1.27865688182781, 'longitude': 103.841028032774
Wine Connection Bistro - Cuppage ,'latitude': 1.3022609, 'longitude': 103.8405037
DAMAH Korean Beauty - Orchard ,'latitude': 1.2985471, 'longitude': 103.84151530000001
Fruce - Wisma Atria ,'latitude': 1.3036643314551668, 'longitude': 103.83326718624443
Skirt & Dirt - Tiong Bahru Market [Stall 66] ,'latitude': 1.2850211, 'longitude': 103.8323681437904
Kin Kao Young - 313@Somerset ,'latitude': 1.301509, 'longitude': 103.838394
Nam Dae Mun - 313 - Somerset ,'latitude': 1.3012055666666666, 'longitude': 103.83835183626971
Udders Ice Cream - Beach Road ,'latitude': 1.3015572, 'longitude': 103.8615185
My Little Coconut - EON Shenton ,'latitude': 1.274136, 'longitude': 103.846244
Bibigo Kitchen Antenna Shop - Concorde Shopping Centre ,'latitude': 1.288901, 'longitude': 103.834612
Mongolia Taste ËíôÂè§Âë≥ÈÅì - Killiney Road ,'latitude': 1.29818, 'longitude': 103.838719
Hokkaido Marche - Orchard Central ,'latitude': 1.3006637666666665, 'longitude': 103.839918775
365 Juices Bar - Great World ,'latitude': 1.2935990466666665, 'longitude': 103.83193825714285
Kuriya Japanese Market - Great World City ,'latitude': 1.293202842696994, 'longitude': 103.83195812652562
CJ Ready-eat - Concorde Shopping Centre ,'latitude': 1.28909, 'longitude': 103.834541
Cali - Ascott Raffles Place ,'latitude': 1.282190575, 'longitude': 103.851801025
Eatnuf - Cross Street Exchange ,'latitude': 1.283273572, 'longitude': 103.846902
Aboocha - Smart City Kitchens @ Central Food Court ,'latitude': 1.283273572, 'longitude': 103.846902
Bob The Burger Builder‚Ñ¢ - Robinson Suites ,'latitude': 1.28090311, 'longitude': 103.849731
HockHua Tonic - Great World City ,'latitude': 1.29430261447988, 'longitude': 103.832148459556
R&B Tea - Great World City ,'latitude': 1.29378, 'longitude': 103.831785
Bombay House - South Bridge Road ,'latitude': 1.28763, 'longitude': 103.84817
CJ Ready-eat - Concorde Shopping Centre ,'latitude': 1.28909, 'longitude': 103.834541
Cali - Ascott Raffles Place ,'latitude': 1.282190575, 'longitude': 103.851801025
Eatnuf - Cross Street Exchange ,'latitude': 1.283273572, 'longitude': 103.846902
Aboocha - Smart City Kitchens @ Central Food Court ,'latitude': 1.283273572, 'longitude': 103.846902
Bob The Burger Builder‚Ñ¢ - Robinson Suites ,'latitude': 1.28090311, 'longitude': 103.849731
HockHua Tonic - Great World City ,'latitude': 1.29430261447988, 'longitude': 103.832148459556
R&B Tea - Great World City ,'latitude': 1.29378, 'longitude': 103.831785
Bombay House - South Bridge Road ,'latitude': 1.28763, 'longitude': 103.84817
Bangkok Jam - Marina Square ,'latitude': 1.2922204, 'longitude': 103.856677575
Tubby Belly Rice Bowls - Lau Pa Sat Festival Market ,'latitude': 1.2807517, 'longitude': 103.85015414210528
VeganDog‚Ñ¢ - Robinson Suites ,'latitude': 1.28090311, 'longitude': 103.849731
Anjelo‚Äôs Western - Pizza  Pasta and More - Raffles Place ,'latitude': 1.282213821, 'longitude': 103.8517365
Jia Xiang Sarawak Kolo Mee - Marina Square ,'latitude': 1.2913722340605034, 'longitude': 103.85834118120238
The Green Collective SG - Funan Mall ,'latitude': 1.29106578346931, 'longitude': 103.85038604662
Prive CHIJMES - Victoria Street ,'latitude': 1.295254, 'longitude': 103.851623
Summer Tidbits House - Hong Leong Building ,'latitude': 1.281615, 'longitude': 103.851155
Game State - Wilmer Place ,'latitude': 1.2939824, 'longitude': 103.8494067
Mandarin Oriental Festive - Mandarin Oriental ,'latitude': 1.2902675132074, 'longitude': 103.858087359992
Nature's Superfoods - Cross Street Exchange ,'latitude': 1.2836452948229486, 'longitude': 103.8469749210775
TGO - Suntec City ,'latitude': 1.29288272, 'longitude': 103.8568363
CocoBoss - Peninsula Shopping Complex ,'latitude': 1.29198079607008, 'longitude': 103.850354527324
13% Wine Bistro - Telok Ayer Street ,'latitude': 1.2811534, 'longitude': 103.8480661
Venchi - The Shoppes at Marina Bay Sands ,'latitude': 1.2860394718153145, 'longitude': 103.86003526005004
Frank's Western Kitchen - MBFC ,'latitude': 1.279633944738702, 'longitude': 103.85466054958545
Maison Kayser Bakery - Tripleone Somerset ,'latitude': 1.3003199, 'longitude': 103.8376667
Yummo Chow - 13 Purvis Street ,'latitude': 1.2963943919764664, 'longitude': 103.8552642
Hearty - 111 Somerset ,'latitude': 1.30045730034185, 'longitude': 103.837583169313
Coconut On Me - Jalan Membina ,'latitude': 1.285504057435428, 'longitude': 103.82676649020753
Pratunam by Soi Thai Soi Nice - The Centrepoint ,'latitude': 1.30164880854183, 'longitude': 103.840131091869
Motherswork - Great World City ,'latitude': 1.2934428529988224, 'longitude': 103.8321529775136
Tuan Tuan - People's Park Complex ,'latitude': 1.283586159, 'longitude': 103.8422623
Olivemart - New Bridge Centre ,'latitude': 1.2826605, 'longitude': 103.8425491
Maison Kayser Bakery - Tripleone Somerset ,'latitude': 1.3003199, 'longitude': 103.8376667
Yummo Chow - 13 Purvis Street ,'latitude': 1.2963943919764664, 'longitude': 103.8552642
Hearty - 111 Somerset ,'latitude': 1.30045730034185, 'longitude': 103.837583169313
Coconut On Me - Jalan Membina ,'latitude': 1.285504057435428, 'longitude': 103.82676649020753
Pratunam by Soi Thai Soi Nice - The Centrepoint ,'latitude': 1.30164880854183, 'longitude': 103.840131091869
Motherswork - Great World City ,'latitude': 1.2934428529988224, 'longitude': 103.8321529775136
Tuan Tuan - People's Park Complex ,'latitude': 1.283586159, 'longitude': 103.8422623
Olivemart - New Bridge Centre ,'latitude': 1.2826605, 'longitude': 103.8425491
Takashimaya S.C. B1 and B2 - Mix & Match ,'latitude': 1.302556710894038, 'longitude': 103.83441096686454
GrabMart Now - Simsüåü ,'latitude': 1.3187185604451912, 'longitude': 103.8768443375941
Bowl Of Happiness - Tiong Bahru View ,'latitude': 1.286485, 'longitude': 103.829736
Ryan's Grocery - Great World City ,'latitude': 1.293744, 'longitude': 103.831963
Chef Icon Nature Bakery - Kampong Bahru Road ,'latitude': 1.277243, 'longitude': 103.836863
Marche Movenpick - Orchard Road ,'latitude': 1.3009263762273864, 'longitude': 103.8383091737159
Chocolate Origin - 111 Somerset ,'latitude': 1.300187095845987, 'longitude': 103.83730076471436
D'Penyetz Express - Tiong Bahru Plaza ,'latitude': 1.2865911729122246, 'longitude': 103.82737447109531
Boon Keng New Taste - Havelock Road ,'latitude': 1.2893056205623026, 'longitude': 103.82796296746164
Famous Amos - Great World City ,'latitude': 1.2938853118513123, 'longitude': 103.83175284910277
Koo Kee Yong Tow Foo Mee - Tiong Bahru Plaza ,'latitude': 1.286659552, 'longitude': 103.8278224
Kream & Kensho - 33 Kampong Bahru Road ,'latitude': 1.277016, 'longitude': 103.836347
Janice Wong Pure Imagination - Great World City ,'latitude': 1.2926093045745162, 'longitude': 103.83234864397524
Xing Xing È∏°ÂÖ¨ÁÖ≤ / È∫ªËæ£È¶ôÈîÖ - Tiong Bahru Plaza ,'latitude': 1.2863605610831002, 'longitude': 103.82725108948057
Pantry By The AC - Kreta Ayer Road ,'latitude': 1.28079, 'longitude': 103.84206
Autumn Community - Jalan Kukoh ,'latitude': 1.2886, 'longitude': 103.83959
Grain Alley - Orchard Central ,'latitude': 1.3005061, 'longitude': 103.84020473333334
KPO - Killiney Road ,'latitude': 1.3002903, 'longitude': 103.84051792791585
A Noodle Story - Guoco Tower ,'latitude': 1.27668034695075, 'longitude': 103.846291032857
Indian Food Truck ,'latitude': 1.302000928981974, 'longitude': 103.83970275553419
Joyful Seafood - Tiong Bahru View ,'latitude': 1.28648485281361, 'longitude': 103.829735653099
Razia Drug Store - Hotel Grand Central ,'latitude': 1.3011432, 'longitude': 103.84172762727272
Purple Panda @ III Somerset ,'latitude': 1.300437, 'longitude': 103.837317
Cafe de Paris - Orchard Road ,'latitude': 1.30104, 'longitude': 103.838382
Grain Alley - Orchard Central ,'latitude': 1.3005061, 'longitude': 103.84020473333334
KPO - Killiney Road ,'latitude': 1.3002903, 'longitude': 103.84051792791585
A Noodle Story - Guoco Tower ,'latitude': 1.27668034695075, 'longitude': 103.846291032857
Indian Food Truck ,'latitude': 1.302000928981974, 'longitude': 103.83970275553419
Joyful Seafood - Tiong Bahru View ,'latitude': 1.28648485281361, 'longitude': 103.829735653099
Razia Drug Store - Hotel Grand Central ,'latitude': 1.3011432, 'longitude': 103.84172762727272
Purple Panda @ III Somerset ,'latitude': 1.300437, 'longitude': 103.837317
Cafe de Paris - Orchard Road ,'latitude': 1.30104, 'longitude': 103.838382
Indian Spicebox - Robertson Quay ,'latitude': 1.2913911353708, 'longitude': 103.837126066211
Ang Mo Liang Teh - EON Shenton ,'latitude': 1.2739192219764937, 'longitude': 103.84620640282793
Labula Mala Hotpot Chinese Cuisine - Hougang Village ,'latitude': 1.3738745, 'longitude': 103.88655560000001
Green Ba - Tripleone Somerset ,'latitude': 1.3000416499999998, 'longitude': 103.8373456
Ice-Cold Beer - Emerald Hill Road ,'latitude': 1.301896, 'longitude': 103.8391
Hanguk Kitchen - Tiong Bahru Estate ,'latitude': 1.2832880556909, 'longitude': 103.833499833171
Sushi Express - 313@Somerset ,'latitude': 1.3009618, 'longitude': 103.83845443333334
Three Point Two Gelato & Coffee House - Kampong Bahru Road ,'latitude': 1.2761714, 'longitude': 103.8355593
Owl Bar - Medical Alumni Bldg ,'latitude': 1.2824465635696498, 'longitude': 103.83593204288661
GadgetMIX - Orchard Central ,'latitude': 1.300467, 'longitude': 103.838849
Labula Chinese Cuisine - Tampines Street 81 ,'latitude': 1.3481946186554978, 'longitude': 103.93438308108932
Cedele Mart - Great World City ,'latitude': 1.293739547619765, 'longitude': 103.83191029687202
Nuage Patisserie & Boulangerie - Kampong Bahru Road ,'latitude': 1.2767541, 'longitude': 103.836213
Thai Wok Restaurant - Cuppage Road ,'latitude': 1.3021889411837975, 'longitude': 103.8404914
Ferne Health - Shenton Way ,'latitude': 1.27391, 'longitude': 103.84622
Jinjja Chicken - Clementi ,'latitude': 1.3151645660400388, 'longitude': 103.76458262
Lucky Dumplings - ION Orchard ,'latitude': 1.303451254, 'longitude': 103.8318961
JiBiru Yakitori & Craft Beer - 313 - Somerset ,'latitude': 1.3010707705749278, 'longitude': 103.8379993972094
Lahore Kebab House: The Best Curry & Kebab in Town. Quality Indian and Pakistani Cuisine ,'latitude': 1.30935, 'longitude': 103.85757
Kazoku Japanese Cuisine - Goldhill Plaza ,'latitude': 1.318555, 'longitude': 103.842626
Kilogramme - Great World City ,'latitude': 1.293748, 'longitude': 103.831971
Que Pasa - Emerald Hill Road ,'latitude': 1.301913, 'longitude': 103.839149
Paneco Express - Tanjong Pagar ,'latitude': 1.271839, 'longitude': 103.836295
Atrium Restaurant - Holiday Inn Singapore Atrium ,'latitude': 1.2889107, 'longitude': 103.83443333
Lucky Dumplings - ION Orchard ,'latitude': 1.303451254, 'longitude': 103.8318961
JiBiru Yakitori & Craft Beer - 313 - Somerset ,'latitude': 1.3010707705749278, 'longitude': 103.8379993972094
Lahore Kebab House: The Best Curry & Kebab in Town. Quality Indian and Pakistani Cuisine ,'latitude': 1.30935, 'longitude': 103.85757
Kazoku Japanese Cuisine - Goldhill Plaza ,'latitude': 1.318555, 'longitude': 103.842626
Kilogramme - Great World City ,'latitude': 1.293748, 'longitude': 103.831971
Que Pasa - Emerald Hill Road ,'latitude': 1.301913, 'longitude': 103.839149
Paneco Express - Tanjong Pagar ,'latitude': 1.271839, 'longitude': 103.836295
Atrium Restaurant - Holiday Inn Singapore Atrium ,'latitude': 1.2889107, 'longitude': 103.83443333
Lucky Cat - Cuppage Terrace ,'latitude': 1.302185, 'longitude': 103.8402984
Fragrant Wok - Hougang ,'latitude': 1.3729774000000001, 'longitude': 103.8861572742462
Home Kitchen Nasi Lemak - National Heart Centre Of Singapore ,'latitude': 1.27816597, 'longitude': 103.8359396
Long Fu Hongkong Roasted Delight - Jalan Bukit Merah ,'latitude': 1.280139, 'longitude': 103.828311
Rathana Bhavan Indian Vegetarian - Northpoint ,'latitude': 1.4297555196960872, 'longitude': 103.83575108084659
Yi Wan (Herbal) Bak Kut Teh - Cantonment Road ,'latitude': 1.274675, 'longitude': 103.841482
108 Matcha Saro - ION Orchard ,'latitude': 1.3037732, 'longitude': 103.83188631818182
Veloce Liquor & Wine - Lavender Gardensüèç ,'latitude': 1.306872, 'longitude': 103.861097
Good Taste Restaurant - Ang Mo Kio Ave 6 ,'latitude': 1.372093, 'longitude': 103.847391
Ng Ah Sio Bak Kut Teh - Chui Huay Lim Club ,'latitude': 1.313756, 'longitude': 103.841551
Le Petit Empire Designer Cakes - Cavan Suites üèç ,'latitude': 1.310818, 'longitude': 103.861346
Wooshi - Havelock Road ,'latitude': 1.28948, 'longitude': 103.82756
Indline North Indian Restaurant - Rowell Road ,'latitude': 1.3092334197620017, 'longitude': 103.85426612551402
Kerala Curry Nation @ Kerala Style Curry and Kebab Cuisine in Heat of the City - Jalan Besar ,'latitude': 1.30935, 'longitude': 103.85757
Mumbai Grill - Rowell Road ,'latitude': 1.3089751, 'longitude': 103.8542156
WTF Durian - Bedoküèç ,'latitude': 1.332639, 'longitude': 103.938223
Wang Lee Seng Durian Village - Ang Mo Kio Ave 4 [Islandwide Delivery] ,'latitude': 1.38041458559282, 'longitude': 103.840330014057
Sevens Kissaten - Tiong Bahru Estate ,'latitude': 1.2846, 'longitude': 103.83287
Soup Restaurant - Nex ,'latitude': 1.35060458, 'longitude': 103.87260835615385
Mr Teh Tarik Eating House - Ang Mo Kio Ave 5 ,'latitude': 1.37888689443012, 'longitude': 103.836722745773
Le Tian Tian - Bukit Timah Plaza ,'latitude': 1.3388024, 'longitude': 103.7786606
Floral Knots - Orchard Gateway ,'latitude': 1.300502, 'longitude': 103.838946
Four Seasons Durians - NEX ,'latitude': 1.3505972, 'longitude': 103.8726068
Seoul Shiok - Ang Mo Kio ,'latitude': 1.374724436659747, 'longitude': 103.839768953136
Wang Lee Seng Durian Village - Ang Mo Kio Ave 4 [Islandwide Delivery] ,'latitude': 1.38041458559282, 'longitude': 103.840330014057
Sevens Kissaten - Tiong Bahru Estate ,'latitude': 1.2846, 'longitude': 103.83287
Soup Restaurant - Nex ,'latitude': 1.35060458, 'longitude': 103.87260835615385
Mr Teh Tarik Eating House - Ang Mo Kio Ave 5 ,'latitude': 1.37888689443012, 'longitude': 103.836722745773
Le Tian Tian - Bukit Timah Plaza ,'latitude': 1.3388024, 'longitude': 103.7786606
Floral Knots - Orchard Gateway ,'latitude': 1.300502, 'longitude': 103.838946
Four Seasons Durians - NEX ,'latitude': 1.3505972, 'longitude': 103.8726068
Seoul Shiok - Ang Mo Kio ,'latitude': 1.374724436659747, 'longitude': 103.839768953136
Bottles & Bottles - Great World City ,'latitude': 1.29430261447988, 'longitude': 103.832148459556
Viet Corner - Bukit Batok ,'latitude': 1.3466540467418895, 'longitude': 103.75496954291077
Hang Heung SG - Ion Orchard ,'latitude': 1.3039581679382621, 'longitude': 103.83192351150296
The 1872 Clipper Tea Co. - ION Orchard ,'latitude': 1.30343057459372, 'longitude': 103.831941598397
Kordel's - Great World City ,'latitude': 1.29303098, 'longitude': 103.8324458
Shake Farm Express - Bendemeer Road ,'latitude': 1.31723, 'longitude': 103.86321
Crystal Jade La Mian Xiao Long Bao - Jurong Point ,'latitude': 1.340116981669425, 'longitude': 103.70624857472251
Chen's Mapo Tofu - The Star ,'latitude': 1.306895, 'longitude': 103.788507
Muyoo Cafe - Jurong Point ,'latitude': 1.33905291557312, 'longitude': 103.7056815397322
Supresso Coffee - Mandarin Gallery ,'latitude': 1.3022544, 'longitude': 103.8362856
Re.juve - Kim Seng Promenade ,'latitude': 1.293648, 'longitude': 103.83137
Royal Biriyani - Goldhill Shopping Centre ,'latitude': 1.318081, 'longitude': 103.843691
Ms Inasal - Hillion Mall ,'latitude': 1.378361670667502, 'longitude': 103.76260908184713
Pakistani Curry N Biriyani Culture Hub @ Newton Road :: A Pak Indian and Middle Eastern Shawarma Cuisine in Singapore Indian /Curry/Biriyani /Kebab/ Wraps ,'latitude': 1.31806, 'longitude': 103.8437
Durian by DurianMan - Centralüèç ,'latitude': 1.311729, 'longitude': 103.875767
Palaniyappa Northern Indian Cuisine - Wellness Building üèç ,'latitude': 1.308661731, 'longitude': 10 3.8538563
Kind Kones - Forum [Islandwide Delivery] ,'latitude': 1.3061178, 'longitude': 103.828698
Changi Nasi Lemak - 183 Upper Thomson Road ,'latitude': 1.3509781, 'longitude': 103.8355018
Song of The Prince Korean Bibimbap & Bulgogis - Bukit Merah Central ,'latitude': 1.2841738068754094, 'longitude': 103.81605769699267
Salt Bay Restoro - Rowell Road ,'latitude': 1.30888, 'longitude': 103.85412
Penang Culture - Vivocity ,'latitude': 1.264942250981946, 'longitude': 103.82284616017438
HANS IM GL√úCK German Burgergrill - Vivocity ,'latitude': 1.2636751243637718, 'longitude': 103.8232716875342
The Manhattan Fish Market - Northpoint ,'latitude': 1.4295024, 'longitude': 103.8357517
Hummus N Curry HouseÔøΩ @Scotts Road/ A Authentic Middle Eastern and Modern Indian Restaurent in Heart of the city ,'latitude': 1.31811, 'longitude': 103.84408  
Kind Kones - Forum [Islandwide Delivery] ,'latitude': 1.3061178, 'longitude': 103.828698
Changi Nasi Lemak - 183 Upper Thomson Road ,'latitude': 1.3509781, 'longitude': 103.8355018
Song of The Prince Korean Bibimbap & Bulgogis - Bukit Merah Central ,'latitude': 1.2841738068754094, 'longitude': 103.81605769699267
Salt Bay Restoro - Rowell Road ,'latitude': 1.30888, 'longitude': 103.85412
Penang Culture - Vivocity ,'latitude': 1.264942250981946, 'longitude': 103.82284616017438
HANS IM GL√úCK German Burgergrill - Vivocity ,'latitude': 1.2636751243637718, 'longitude': 103.8232716875342
The Manhattan Fish Market - Northpoint ,'latitude': 1.4295024, 'longitude': 103.8357517
Hummus N Curry HouseÔøΩ @Scotts Road/ A Authentic Middle Eastern and Modern Indian Restaurent in Heart of the city ,'latitude': 1.31811, 'longitude': 103.84408  
Wursthans Switzerland - Paya Lebar Quarter Mall ,'latitude': 1.3175649828198743, 'longitude': 103.89357662097046
Vaishali Minimart - The Garden At Bishan [Islandwide Delivery] ,'latitude': 1.3640882, 'longitude': 103.8313251121011
Dwaraka - Syed Alwi Road ,'latitude': 1.3101614897292484, 'longitude': 103.8550889238597
Artea - One North ,'latitude': 1.29955927444594, 'longitude': 103.788418490477
Jane's Departmental Store - Pasir Ris Drive 6 ,'latitude': 1.369612, 'longitude': 103.957462
Huo La La Spicy Pot - Yew Lian Park ,'latitude': 1.351981218, 'longitude': 103.835132
The Pack Protein & Salad Bar - Aperia Mall ,'latitude': 1.3098163, 'longitude': 103.864049375
Earle Swensen's - VivoCity ,'latitude': 1.2634441962411298, 'longitude': 103.82296986286342
Teppan-Man (Teppanyaki) - Bukit Batok West Ave 5 ,'latitude': 1.3644897, 'longitude': 103.7519871
Thirsty - Orchard Tower [Islandwide Delivery] ,'latitude': 1.3073519814326546, 'longitude': 103.82940278563741
RhamLy x Just Kitchen - JTC Space @ Tampines North ,'latitude': 1.36562944851606, 'longitude': 103.931368913684
Durian Superman - Toa Payoh Palm Springüèç ,'latitude': 1.311729, 'longitude': 103.875767
Doggie Delight - Hillcrest Park ,'latitude': 1.3315686, 'longitude': 103.80652665
Chennai House ,'latitude': 1.353646, 'longitude': 103.833439
PizzaExpress - Holland Village ,'latitude': 1.3113028557210775, 'longitude': 103.79565669491296
Black & White Rojak - Teck Whye Lane ,'latitude': 1.3803396, 'longitude': 103.75323535000001
Buey Tahan See Food - Clementi Avenue 5 ,'latitude': 1.3184190971805783, 'longitude': 103.76747157886398
FoodLoft - Membina Court Foodloft ,'latitude': 1.282683, 'longitude': 103.825863
Korat Thai Cafe - Orchard Tower ,'latitude': 1.3070466333333333, 'longitude': 103.8293235
Beer Wine Spirits - Aljuniedüèç ,'latitude': 1.3171, 'longitude': 103.88075
Four Pizza - Kensington Square ,'latitude': 1.3457645085243577, 'longitude': 103.88272615365865
Mala Collections - Tampines Grove ,'latitude': 1.3490172179893705, 'longitude': 103.93296057245561
Guang's Fresh Mart - Geylang Serai (Next Day Delivery)üèç ,'latitude': 1.317, 'longitude': 103.898
San Ren Xing - Thomson Plaza ,'latitude': 1.354655739957633, 'longitude': 103.83049616500001
Buey Tahan See Food - Clementi Avenue 5 ,'latitude': 1.3184190971805783, 'longitude': 103.76747157886398
FoodLoft - Membina Court Foodloft ,'latitude': 1.282683, 'longitude': 103.825863
Korat Thai Cafe - Orchard Tower ,'latitude': 1.3070466333333333, 'longitude': 103.8293235
Beer Wine Spirits - Aljuniedüèç ,'latitude': 1.3171, 'longitude': 103.88075
Four Pizza - Kensington Square ,'latitude': 1.3457645085243577, 'longitude': 103.88272615365865
Mala Collections - Tampines Grove ,'latitude': 1.3490172179893705, 'longitude': 103.93296057245561
Guang's Fresh Mart - Geylang Serai (Next Day Delivery)üèç ,'latitude': 1.317, 'longitude': 103.898
San Ren Xing - Thomson Plaza ,'latitude': 1.354655739957633, 'longitude': 103.83049616500001
Mama Don - Thomson Garden Estate ,'latitude': 1.3535357, 'longitude': 103.8344083
Casa Fiesta - Upper Changi Road ,'latitude': 1.3319053925948021, 'longitude': 103.94633887093023
The Mint Leaf Of Mumbai @ Scotts Road | Exotic Indian | Kebab | Curry Biryani Restaurant - Goldhill Shopping Centre ,'latitude': 1.31811, 'longitude': 103.84408
Aryan's Veg Restaurant / Authentic North Indian Pure Vegetarian Food - Goldhill Shopping Centre ,'latitude': 1.31811, 'longitude': 103.84408
Phat Fingers Korean Fried Chicken & Burgers - JTC Bedok Food City ,'latitude': 1.336812, 'longitude': 103.943962
Ferns N Petals - Tagore Industrial Avenueüèç ,'latitude': 1.386968, 'longitude': 103.828143
JammyÔøΩs Guiltless Pleasures - Bendemeer Road ,'latitude': 1.31723, 'longitude': 103.86321
The Home Shoppe - Tanjong Pagar Distripark ,'latitude': 1.27215695350867, 'longitude': 103.836807935482
33 Petals & Co - Commonwealth Drive [Islandwide Delivery] ,'latitude': 1.301308, 'longitude': 103.797033
Yakiniku Like - VivoCity ,'latitude': 1.2641177831219892, 'longitude': 103.82238891685091
8¬∞1 Bak Kut Teh - Yishun Sunshine ,'latitude': 1.434123, 'longitude': 103.840165
Southern Soul Nashville Fried Chicken - The Grandstand #01-20/21/22 ,'latitude': 1.338577187, 'longitude': 103.7934057
Peach Garden - Thomson Plaza ,'latitude': 1.3547940432855654, 'longitude': 103.83081230596025
Ah Xin Malatang - Tampines Grove ,'latitude': 1.3492457930068298, 'longitude': 103.93243922755443
Mk Malay Food - Chancerlodge Complex ,'latitude': 1.31466826705395, 'longitude': 103.87725223426
Catherine‚Äôs Macarons - Strathmore Green üèç ,'latitude': 1.29419, 'longitude': 103.811449
Thyme To Meat [Islandwide Delivery] ,'latitude': 1.3362, 'longitude': 103.76832
Teck Neo Peranakan Restaurant - Telok Blangah Rise ,'latitude': 1.2729439, 'longitude': 103.82244296666667
Durian Delivery NOW - Toa Payoh Lorong 4 üèç ,'latitude': 1.337947, 'longitude': 103.849143
Xiang Rui Gourmet - Chong Pang ,'latitude': 1.4319804322114837, 'longitude': 103.82805659706877
Peach Garden - Thomson Plaza ,'latitude': 1.3547940432855654, 'longitude': 103.83081230596025
Ah Xin Malatang - Tampines Grove ,'latitude': 1.3492457930068298, 'longitude': 103.93243922755443
Mk Malay Food - Chancerlodge Complex ,'latitude': 1.31466826705395, 'longitude': 103.87725223426
Catherine‚Äôs Macarons - Strathmore Green üèç ,'latitude': 1.29419, 'longitude': 103.811449
Thyme To Meat [Islandwide Delivery] ,'latitude': 1.3362, 'longitude': 103.76832
Teck Neo Peranakan Restaurant - Telok Blangah Rise ,'latitude': 1.2729439, 'longitude': 103.82244296666667
Durian Delivery NOW - Toa Payoh Lorong 4 üèç ,'latitude': 1.337947, 'longitude': 103.849143
Xiang Rui Gourmet - Chong Pang ,'latitude': 1.4319804322114837, 'longitude': 103.82805659706877
8¬∞1 Seafood - Nee Soon Central Green ,'latitude': 1.428309671022835, 'longitude': 103.83344923061468
Sunday Folks - 44 Jalan Merah Saga (#01-52) ,'latitude': 1.311711, 'longitude': 103.7968864
Fairy Port Durian - Food Concept @ Pandan ,'latitude': 1.31308, 'longitude': 103.752
The Super Foodie Paradise - Bendemeer Road ,'latitude': 1.31723, 'longitude': 103.86321
Sunnyhills - Ngee Ann City  ,'latitude': 1.30260616247931, 'longitude': 103.834226351027
Knots Cafe And Living - Pasir Panjang ,'latitude': 1.275559, 'longitude': 103.794601
Zairyo Japanese Gourmet Grocer - Win5 ,'latitude': 1.437835, 'longitude': 103.845152
Baskin Robbins - Harbourfront Centreüèç ,'latitude': 1.2642309214142038, 'longitude': 103.82019447609 096
Alcohol Express - Tai Seng Linküèç ,'latitude': 1.337398, 'longitude': 103.89062
Hyderabad Authentic North Indian Restaurant - Toa Payoh North üèç ,'latitude': 1.34319, 'longitude':  103.85139
Noodles on Wheels - Hillview ,'latitude': 1.35766320087829, 'longitude': 103.763001539893
Booze Buddy - Alcohol Delivery [Islandwide Delivery] ,'latitude': 1.377097, 'longitude': 103.875552
GaiBang ‰∏êÂ∏Æ - Paya Lebar Square üèç ,'latitude': 1.319186, 'longitude': 103.892576
Superior Kitchen - Yishun Blossom Spring ,'latitude': 1.428521, 'longitude': 103.849966
Butter N Naan Northern Indian Modern Tandoor Cusine @Heart of the City in Central Singapore ,'latitude': 1.31806, 'longitude': 103.8437
Pharmex Healthcare - Novena Regency ,'latitude': 1.3209321699611394, 'longitude': 103.84201088343713
The Liquor Cabinet - Orchard Tower ,'latitude': 1.30756, 'longitude': 103.82935
Atithi - Indian Restaurant ,'latitude': 1.31911, 'longitude': 103.9136
Quan Shui Wet Market - (Next Day Delivery) - Bukit Batok Street 11 üèç ,'latitude': 1.34837, 'longitu de': 103.74381
Rousini K Indian Gourmet @ Heart Of The City A Branded North Indian & kebab Cuisine in Singapore Indian Curry Biriyani Kebab  - Chancerlodge Complex ,'latitude': 1.3146222863903503, 'longitude': 103.87738244063144
The Rebel Company Cafe & Bar - Serangoon Gardens ,'latitude': 1.3650943, 'longitude': 103.866183333333
Piccante Pronto - Cluny Food Court ,'latitude': 1.31674, 'longitude': 103.818286
Simply Rice ÁõñÈ•≠ÁÖÆ‰πâ - JTC Space @ Tampines North ,'latitude': 1.3656495593693023, 'longitude': 103.93203544262468
The Liquor Cabinet - Orchard Tower ,'latitude': 1.30756, 'longitude': 103.82935
Atithi - Indian Restaurant ,'latitude': 1.31911, 'longitude': 103.9136
Quan Shui Wet Market - (Next Day Delivery) - Bukit Batok Street 11 üèç ,'latitude': 1.34837, 'longitu de': 103.74381
Rousini K Indian Gourmet @ Heart Of The City A Branded North Indian & kebab Cuisine in Singapore Indian Curry Biriyani Kebab  - Chancerlodge Complex ,'latitude': 1.3146222863903503, 'longitude': 103.87738244063144
The Rebel Company Cafe & Bar - Serangoon Gardens ,'latitude': 1.3650943, 'longitude': 103.866183333333
Piccante Pronto - Cluny Food Court ,'latitude': 1.31674, 'longitude': 103.818286
Simply Rice ÁõñÈ•≠ÁÖÆ‰πâ - JTC Space @ Tampines North ,'latitude': 1.3656495593693023, 'longitude': 103.93203544262468
GaGaYa Â∞úÂ∞úÈ∏≠ - JTC Space @ Tampines North ,'latitude': 1.3656549222651222, 'longitude': 103.9320260549037
De' Pets Salon - Indus Road ,'latitude': 1.2912773, 'longitude': 103.8271074
Hyderabad Bawarchi North Indian Cuisine - Toa Payoh North üèç ,'latitude': 1.34319, 'longitude': 103. 85139
Blooms: By M. - Ubi Techpark üèç ,'latitude': 1.326477, 'longitude': 103.895944
Mr. Piglet - Upper Changi Road ,'latitude': 1.3318592114362051, 'longitude': 103.94634824784347
Frozt - Claymore Drive ,'latitude': 1.30736670587372, 'longitude': 103.829339138277
The Dempsey Project - Dempsey Road ,'latitude': 1.3037899981593566, 'longitude': 103.80997785515194
Pasta Table - The Grandstand #01-20/21/22 ,'latitude': 1.3388344208029572, 'longitude': 103.79337380988072
Indian Curry And Tandoor North Indian Mughali - Toa Payoh North üèç ,'latitude': 1.34319, 'longitude' : 103.85139
Taste of North Indian Cuisine Tandoor - Toa Payoh North üèç ,'latitude': 1.34319, 'longitude': 103.85 139
Daddy De Clieu - Scotts Square ,'latitude': 1.306051037, 'longitude': 103.832868
Namaste India Curry & Kebab House - Upper Thomson Road ,'latitude': 1.353646, 'longitude': 103.833439
Boss Bistro & Bar - Holland Village ,'latitude': 1.3116, 'longitude': 103.79466473052784
Namaste Curry House - Soo Chow Garden ,'latitude': 1.353646, 'longitude': 103.833439
Kingsman Wine & Spirits - Jurong Logistics Hub [Islandwide Delivery] ,'latitude': 1.312329, 'longitude': 103.719894
Sterling Nutrition - Pasir Ris Drive 4 [Islandwide Delivery] ,'latitude': 1.3746687427133344, 'longitude': 103.96048266828954
British Indian Curry Hut - Holland Village ,'latitude': 1.311709451056491, 'longitude': 103.79473424680303
Real Thai - Changi  City Point ,'latitude': 1.334345, 'longitude': 103.962107
Infantree - Tagore 8 [Islandwide Delivery] ,'latitude': 1.38489, 'longitude': 103.82736
Boss Bistro & Bar - Holland Village ,'latitude': 1.3116, 'longitude': 103.79466473052784
Namaste Curry House - Soo Chow Garden ,'latitude': 1.353646, 'longitude': 103.833439
Kingsman Wine & Spirits - Jurong Logistics Hub [Islandwide Delivery] ,'latitude': 1.312329, 'longitude': 103.719894
Sterling Nutrition - Pasir Ris Drive 4 [Islandwide Delivery] ,'latitude': 1.3746687427133344, 'longitude': 103.96048266828954
British Indian Curry Hut - Holland Village ,'latitude': 1.311709451056491, 'longitude': 103.79473424680303
Real Thai - Changi  City Point ,'latitude': 1.334345, 'longitude': 103.962107
Infantree - Tagore 8 [Islandwide Delivery] ,'latitude': 1.38489, 'longitude': 103.82736
Oooooya - Hainan Industrial Buildingüèç ,'latitude': 1.326157309, 'longitude': 103.8524564
The King's Kebab - Bendemeer Road ,'latitude': 1.31723, 'longitude': 103.86321
Kopomall - Telok Blangah Rise [Islandwide Delivery] ,'latitude': 1.27301145237614, 'longitude': 103.820355635293
Mirch House North Indian Cuisine - Toa Payoh North üèç ,'latitude': 1.34319, 'longitude': 103.85139
Masala Magic - North Indian Restaurant üèç ,'latitude': 1.31911, 'longitude': 103.9136
Red Chilli-Authentic North Indian Cuisine ,'latitude': 1.31911, 'longitude': 103.9136
Indian Masala House - North Indian Restaurant ,'latitude': 1.31911, 'longitude': 103.9136
Snap Balloon & Party Services - Woodlands Closeüèç ,'latitude': 1.43484440715852, 'longitude': 103.80 2460016922
Madras Curry House - Upper Thomson Road ,'latitude': 1.353646, 'longitude': 103.833439
Another Wing - JTC Space @ Tampines North ,'latitude': 1.36532, 'longitude': 103.93179
Singapore Lactation Bakes - Mandai Foodlink [Islandwide Delivery] ,'latitude': 1.40979215824296, 'longitude': 103.758006090484
Lal QIla quality authentic curry and biryani and kebab Indian flavors ,'latitude': 1.3146274666253812, 'longitude': 103.87738054956147
Chennai Curry Nation - Chancerlodge Complex ,'latitude': 1.3146228892504066, 'longitude': 103.87738315759705
Wolf + Wald - Orchard Tower Rear Block Apartment [Islandwide Delivery] ,'latitude': 1.307562369, 'longitude': 103.8293522
SGWetMarket - Next Day Delivery - Hougang Ave 8 üèç ,'latitude': 1.37318, 'longitude': 103.88554
Story by Bliss - Yishun Street 81 ,'latitude': 1.41564, 'longitude': 103.83703
Lahore Darbar Kebab and Curry Junction / Best Pakistani Kebab Biryani and Indian Curry from Heart of Singapore - Chancerlodge Complex ,'latitude': 1.3146222863903503, 'longitude': 103.87738244063144
Fluff Mail Baby Carrier Specialist - Newton Road ,'latitude': 1.31758, 'longitude': 103.84158
Sarangly - Novena ,'latitude': 1.317981, 'longitude': 103.842045
Events Catering ,'latitude': 1.317974, 'longitude': 103.881051
Nagara Charminar Authentic North Indian Cusisin Mughlai - Toa Payoh North üèç ,'latitude': 1.34319, ' longitude': 103.85139
BestOrganicFood - Next Day Delivery - Hougang Ave 8 üèç ,'latitude': 1.373095, 'longitude': 103.88600 4
Gifel Fine Teas ,'latitude': 1.3844389566235173, 'longitude': 103.82714899874595
Indian Star Hut - Upper Thomson Road ,'latitude': 1.353646, 'longitude': 103.833439
Lahore Darbar Kebab and Curry Junction / Best Pakistani Kebab Biryani and Indian Curry from Heart of Singapore - Chancerlodge Complex ,'latitude': 1.3146222863903503, 'longitude': 103.87738244063144
Fluff Mail Baby Carrier Specialist - Newton Road ,'latitude': 1.31758, 'longitude': 103.84158
Sarangly - Novena ,'latitude': 1.317981, 'longitude': 103.842045
Events Catering ,'latitude': 1.317974, 'longitude': 103.881051
Nagara Charminar Authentic North Indian Cusisin Mughlai - Toa Payoh North üèç ,'latitude': 1.34319, ' longitude': 103.85139
BestOrganicFood - Next Day Delivery - Hougang Ave 8 üèç ,'latitude': 1.373095, 'longitude': 103.88600 4
Gifel Fine Teas ,'latitude': 1.3844389566235173, 'longitude': 103.82714899874595
Indian Star Hut - Upper Thomson Road ,'latitude': 1.353646, 'longitude': 103.833439
Mizzu Flora - TRIVEXüèç ,'latitude': 1.3358388031393165, 'longitude': 103.88544647942255
Brindhavan Vegetarian Restaurant üèç ,'latitude': 1.35363, 'longitude': 103.8335
Knots & Gifts - Kallang Placeüèç ,'latitude': 1.3161207570925528, 'longitude': 103.86828140103563
ACN Official Store - Henderson Road ,'latitude': 1.28090663767962, 'longitude': 103.818965141139
Celine's Gelato Cart - Novena Regency ,'latitude': 1.320951, 'longitude': 103.842016
Partyshop.sg - Balestier Pointüèç ,'latitude': 1.322931, 'longitude': 103.852112
Lifetrons Switzerland - 63@Ubiüèç ,'latitude': 1.32500263701634, 'longitude': 103.893946321802
Antoheetos - Alexandra Retail Centre (Delivery by Restaurant) ,'latitude': 1.2738075171720455, 'longitude': 103.80160377586259
Houzofvendorsg - Choa Chu Kang Ave 5üèç ,'latitude': 1.37521, 'longitude': 103.73895
Spring Flower - 230 Commonwealth Aveüèç ,'latitude': 1.295869910119752, 'longitude': 103.806239775471 87
Noah and Zoey - Kallang Pudding Roadüèç ,'latitude': 1.3288, 'longitude': 103.87865
Utsav Indian Restaurant North & South Indian Cuisine - Soo Chow Garden üèç ,'latitude': 1.35363, 'lon gitude': 103.8335
iDrinks - Centropod @ Changiüèç ,'latitude': 1.316211473, 'longitude': 103.9007785
SCM Mart - Zervex üèç ,'latitude': 1.3338547, 'longitude': 103.8949701
Vini Vinoüèç ,'latitude': 1.357, 'longitude': 103.840705
7th Heaven - Tampines SAFRA ,'latitude': 1.3445433044001178, 'longitude': 103.94157151358627
The Alchemist Alcohol - Anchorvale Courtüèç ,'latitude': 1.38775949638693, 'longitude': 103.889481210 139
ORIENT - North Spring Bizhubüèç ,'latitude': 1.43729268257351, 'longitude': 103.843074952536
Kamcheng Bowls - Esplanade Mall ,'latitude': 1.289787499, 'longitude': 103.8564813
Urban Roti - Lau Pa Sat ,'latitude': 1.28015197, 'longitude': 103.8505243
Alchemist Hlb - Hong Leong Building ,'latitude': 1.28127824, 'longitude': 103.85061007779841
Flavours by Saute - Funan ,'latitude': 1.291416, 'longitude': 103.8499566375
SCM Mart - Zervex üèç ,'latitude': 1.3338547, 'longitude': 103.8949701
Vini Vinoüèç ,'latitude': 1.357, 'longitude': 103.840705
7th Heaven - Tampines SAFRA ,'latitude': 1.3445433044001178, 'longitude': 103.94157151358627
The Alchemist Alcohol - Anchorvale Courtüèç ,'latitude': 1.38775949638693, 'longitude': 103.889481210 139
ORIENT - North Spring Bizhubüèç ,'latitude': 1.43729268257351, 'longitude': 103.843074952536
Kamcheng Bowls - Esplanade Mall ,'latitude': 1.289787499, 'longitude': 103.8564813
Urban Roti - Lau Pa Sat ,'latitude': 1.28015197, 'longitude': 103.8505243
Alchemist Hlb - Hong Leong Building ,'latitude': 1.28127824, 'longitude': 103.85061007779841
Flavours by Saute - Funan ,'latitude': 1.291416, 'longitude': 103.8499566375
Peperoni Pizzeria - Suntec City Mall ,'latitude': 1.294788, 'longitude': 103.858555
Taan - Liang Seah Street ,'latitude': 1.29825945, 'longitude': 103.85620877627454
Crave - Marina Bay Link Mall ,'latitude': 1.280019785529646, 'longitude': 103.85389658797249
Caf√©&Meal MUJI - Raffles City Shopping Centre ,'latitude': 1.29434864, 'longitude': 103.8531958
Ya Kun Kaya Toast - Funan Mall ,'latitude': 1.2914203, 'longitude': 103.8505049
Chimi's - One Marina Boulevard ,'latitude': 1.281771992682927, 'longitude': 103.8525683
Tandoori Zaika - 70 Boat Quay ,'latitude': 1.2879324, 'longitude': 103.849367
Napolizz Pizza Delivery - Anson ,'latitude': 1.2739823989033918, 'longitude': 103.844446760726
Starbucks - 78 Shenton ,'latitude': 1.2731937250463652, 'longitude': 103.844859275
Refuel By Revolt - Marina Boulevard ,'latitude': 1.281157, 'longitude': 103.852659
Gyoza No Ohsho - Cuppage Plaza ,'latitude': 1.3019369333333333, 'longitude': 103.8405382
Long Ji Zi Char - Outram Road ,'latitude': 1.2848931, 'longitude': 103.8349692
Aburi-EN - Orchard Central ,'latitude': 1.300558, 'longitude': 103.839918
The Winery Tapas Bar - Victoria Street ,'latitude': 1.2950572493695915, 'longitude': 103.85212023951811
Hakata Ikkousha - Chijmes (#01-07) ,'latitude': 1.2953061, 'longitude': 103.8525696
Beauty In The Pot - The Centrepoint ,'latitude': 1.3016583719358295, 'longitude': 103.84001184345385
Tonkatsu By Ma Maison - Mandarin Gallery ,'latitude': 1.3018604, 'longitude': 103.8368156
Everton Minimart - Everton Park[Islandwide Delivery] ,'latitude': 1.2768961666666667, 'longitude': 103.83923008824787
The Fine Line - Boat Quay ,'latitude': 1.28751, 'longitude': 103.84922
Tong Fu Ju - Boat Quay ,'latitude': 1.2870869, 'longitude': 103.8493938
Perkatory Coffee Bar by Gratefood Co. ,'latitude': 1.284451315511051, 'longitude': 103.85047608230484
Chicky Fun Chicken Rice - Singapore General Hospital ,'latitude': 1.279884, 'longitude': 103.834317
Hing Hing Soup Republic - Tiong Bahru Market ,'latitude': 1.284654, 'longitude': 103.832574
Hakata Ikkousha - Chijmes (#01-07) ,'latitude': 1.2953061, 'longitude': 103.8525696
Beauty In The Pot - The Centrepoint ,'latitude': 1.3016583719358295, 'longitude': 103.84001184345385
Tonkatsu By Ma Maison - Mandarin Gallery ,'latitude': 1.3018604, 'longitude': 103.8368156
Everton Minimart - Everton Park[Islandwide Delivery] ,'latitude': 1.2768961666666667, 'longitude': 103.83923008824787
The Fine Line - Boat Quay ,'latitude': 1.28751, 'longitude': 103.84922
Tong Fu Ju - Boat Quay ,'latitude': 1.2870869, 'longitude': 103.8493938
Perkatory Coffee Bar by Gratefood Co. ,'latitude': 1.284451315511051, 'longitude': 103.85047608230484
Chicky Fun Chicken Rice - Singapore General Hospital ,'latitude': 1.279884, 'longitude': 103.834317
Hing Hing Soup Republic - Tiong Bahru Market ,'latitude': 1.284654, 'longitude': 103.832574
Boon Tong Kee - River Valley Road ,'latitude': 1.2952373574542437, 'longitude': 103.8294184
Monster Planet - The Centrepoint ,'latitude': 1.3018884442669503, 'longitude': 103.83970579748222
Muchos Nachos by Poke Theory - Change Alley Mall ,'latitude': 1.283801, 'longitude': 103.852729
Flash Coffee x SaladStop! - One George Street ,'latitude': 1.285711, 'longitude': 103.848022
HairGrowz - High Street ,'latitude': 1.2903, 'longitude': 103.84953
Copper Chimney Express - Asia Square Tower 1 ,'latitude': 1.279951, 'longitude': 103.851053
Supreme Vege - Hotel Royal @ Queens ,'latitude': 1.2975947896367925, 'longitude': 103.8522183006639
New Zhong Heng Ginseng Birdnest Trading - Chin Swee View ,'latitude': 1.286168, 'longitude': 103.84226
Tamago En - 313 @ Somerset ,'latitude': 1.3009515, 'longitude': 103.83847152727273
White Pyramid Gallery & Nail Bar - River Valley Road ,'latitude': 1.29406, 'longitude': 103.84248
Ma Maison Restaurant - Takashimaya S.C. ,'latitude': 1.3024913, 'longitude': 103.83495123651011
Mui Kee - Shaw Centre ,'latitude': 1.30646281, 'longitude': 103.8317618
Sin Tat Toys - Rochor Roadüèç ,'latitude': 1.301099462, 'longitude': 103.8549001
La Takorea Korean-Mexican Cuisine - Cuppage Terrace ,'latitude': 1.301847, 'longitude': 103.840284
Kajiken - Orchard Central ,'latitude': 1.3006712924004376, 'longitude': 103.83991199453965
Modern Grill Seafood - Newton Food Centre ,'latitude': 1.3119575, 'longitude': 103.83951143
Daniu Teochew Seafood Restuarant - Kampong Bahru Road ,'latitude': 1.2765855188030741, 'longitude': 103.83593359940693
Brindas - Bukit Merah Central ,'latitude': 1.2838737439492134, 'longitude': 103.81742540422724
Crystal Jade Palace - Takashimaya Shopping Centre ,'latitude': 1.3025529443820225, 'longitude': 103.83448796
Shah Fresh Frozen - Yishun Ring Road [Islandwide Delivery] ,'latitude': 1.43154184, 'longitude': 103.8286144092492
Jc's Delights - Boon Lay Sapphire ,'latitude': 1.3464356360812224, 'longitude': 103.70911236164113
Buddies Chef Grill - Jalan Bukit Merah ,'latitude': 1.28666053886226, 'longitude': 103.80747686
O'ma spoon - 313 Somerset ,'latitude': 1.3010375, 'longitude': 103.8385289
Kajiken - Orchard Central ,'latitude': 1.3006712924004376, 'longitude': 103.83991199453965
Modern Grill Seafood - Newton Food Centre ,'latitude': 1.3119575, 'longitude': 103.83951143
Daniu Teochew Seafood Restuarant - Kampong Bahru Road ,'latitude': 1.2765855188030741, 'longitude': 103.83593359940693
Brindas - Bukit Merah Central ,'latitude': 1.2838737439492134, 'longitude': 103.81742540422724
Crystal Jade Palace - Takashimaya Shopping Centre ,'latitude': 1.3025529443820225, 'longitude': 103.83448796
Shah Fresh Frozen - Yishun Ring Road [Islandwide Delivery] ,'latitude': 1.43154184, 'longitude': 103.8286144092492
Jc's Delights - Boon Lay Sapphire ,'latitude': 1.3464356360812224, 'longitude': 103.70911236164113
Buddies Chef Grill - Jalan Bukit Merah ,'latitude': 1.28666053886226, 'longitude': 103.80747686
O'ma spoon - 313 Somerset ,'latitude': 1.3010375, 'longitude': 103.8385289
Hom Aroy Thai Food - Coronation Shopping Centre ,'latitude': 1.324005480975332, 'longitude': 103.8099422
[CLOSED] Xing Fu Tang - Hillion Mall ,'latitude': 1.3780869, 'longitude': 103.76269710000001
Al-Azhar - Tampines Street 21 ,'latitude': 1.351978119093073, 'longitude': 103.95386162205251
Beer Wine Spirits Singapore - Orchardüèç ,'latitude': 1.306525, 'longitude': 103.826808
Pin Pin Piau Kay & Co - Seng Poh Road ,'latitude': 1.2845448, 'longitude': 103.8326043
Happy Thai Food - JTC Space @ Tampines North ,'latitude': 1.365629, 'longitude': 103.931369
Crystal Jade Golden Palace - The Paragon ,'latitude': 1.3038998928750658, 'longitude': 103.83616652334587
TOMYUM MAMA - 244P Upper Thomson Road ,'latitude': 1.353463, 'longitude': 103.834491
Abang Western Power - Yishun North Spring Bizhub ,'latitude': 1.4386806477018281, 'longitude': 103.8438038643041
Laifaba Wanton Noodles and Roast Meats - Bukit Batok Crescent ,'latitude': 1.3384845778345524, 'longitude': 103.75568753005106
Beef Bro Nasi Lemak - Compass One ,'latitude': 1.3922151392234456, 'longitude': 103.89536746637928
The Fruits Seller - Yishun Ring Road [Islandwide Delivery] ,'latitude': 1.4317602, 'longitude': 103.82855494825859
Batchas Marketplace - Tampines Street 81 [Islandwide Delivery] ,'latitude': 1.349105422044174, 'longitude': 103.93350621714285
Daisy Dreams - Orchard Boulevardüèç ,'latitude': 1.302612, 'longitude': 103.824583
Shin Kushiya - Vivocity ,'latitude': 1.263542961373048, 'longitude': 103.82278287235755
Porta-Porta Italian Restaurant - Picardy Garden ,'latitude': 1.3337655, 'longitude': 103.9488528
Casuarina Bistro - Sembawang Hills Estate ,'latitude': 1.3770083, 'longitude': 103.8279885
Mdm Ling Bakery - Ang Mo Kio Industrial Park 2 ,'latitude': 1.3764508952056218, 'longitude': 103.86588580923723
Chong Pang Seafood - Yishun Ring Road [Islandwide Delivery] ,'latitude': 1.4316983, 'longitude': 103.8286505
Milan Mart - Tampines Street 43üèç ,'latitude': 1.3616548259222083, 'longitude': 103.95305909881142
Love Hampers - Balestier Hill Shopping Centreüèç ,'latitude': 1.324942, 'longitude': 103.842433
EGO - 51 Goldhill Plazaüèç ,'latitude': 1.31829001492333, 'longitude': 103.843192784071
Power Pops - Smart City Kitchen @ The Orchard Food Market ,'latitude': 1.30736670587372, 'longitude': 103.829339138277
Shin Kushiya - Vivocity ,'latitude': 1.263542961373048, 'longitude': 103.82278287235755
Porta-Porta Italian Restaurant - Picardy Garden ,'latitude': 1.3337655, 'longitude': 103.9488528
Casuarina Bistro - Sembawang Hills Estate ,'latitude': 1.3770083, 'longitude': 103.8279885
Mdm Ling Bakery - Ang Mo Kio Industrial Park 2 ,'latitude': 1.3764508952056218, 'longitude': 103.86588580923723
Chong Pang Seafood - Yishun Ring Road [Islandwide Delivery] ,'latitude': 1.4316983, 'longitude': 103.8286505
Milan Mart - Tampines Street 43üèç ,'latitude': 1.3616548259222083, 'longitude': 103.95305909881142
Love Hampers - Balestier Hill Shopping Centreüèç ,'latitude': 1.324942, 'longitude': 103.842433
EGO - 51 Goldhill Plazaüèç ,'latitude': 1.31829001492333, 'longitude': 103.843192784071
Power Pops - Smart City Kitchen @ The Orchard Food Market ,'latitude': 1.30736670587372, 'longitude': 103.829339138277
La Takorea Korean-Mexican Cuisine - The Grandstand #01-20/21/22 ,'latitude': 1.338577, 'longitude': 103.793406
Grocer Supermarket - Kewalram House  ,'latitude': 1.2843341, 'longitude': 103.8095961
Matchaya - One @ Redhill Centre ,'latitude': 1.2850973, 'longitude': 103.8082597
Homestyle Afternoon Tea Flowers - Ang Mo Kio Ave 2 üèç ,'latitude': 1.3685514508404324, 'longitude':  103.83155269116095
The Meatery - Sunset Way [Islandwide Delivery] ,'latitude': 1.323462, 'longitude': 103.767902
